ID,Product_1,Product_2,Product_3,Product_4,Product_5,Product_6,Product_7,Product_8,Product_9,Product_10
1,TV Dinner,Dishwasher Soap,Sliced Bread,Canned Vegetables,Chips,Nasal Sprays,Tuna,Dried Meat,Chocolate Candy,
2,Chocolate Candy,Pots and Pans,Dish Soap,Dehydrated Soup,Shellfish,Cookies,Sunglasses,Bagels,,
3,Chocolate,Gum,Sour Cream,TV Dinner,Popcorn,Pancakes,Cheese,Aspirin,,
4,Ice Cream,Pot Scrubbers,Canned Vegetables,Nuts,,,,,,
5,Maps,Chips,Toilet Brushes,Gum,Canned Vegetables,Fresh Chicken,Deli Salads,Sour Cream,Sponges,
6,Deodorizers,,,,,,,,,
7,Cleaners,,,,,,,,,
8,Screwdrivers,Fresh Chicken,Peanut Butter,Sunglasses,Ibuprofen,Pretzels,,,,
9,Pot Scrubbers,Sour Cream,French Fries,Shower Soap,Donuts,Nuts,Dehydrated Soup,Cottage Cheese,Sponges,Pot Cleaners
10,Shellfish,,,,,,,,,
11,Deli Salads,Jam,Sardines,,,,,,,
12,Pot Cleaners,Peanut Butter,Oysters,,,,,,,
13,Tofu,Muffins,Hard Candy,Toilet Brushes,Fashion Magazines,Jam,Tuna,,,
14,Sponges,Peanut Butter,Tuna,Chips,Fresh Fish,Sardines,,,,
15,Pots and Pans,Preserves,Toothbrushes,Pasta,Tools,Gum,Fresh Fruit,Fashion Magazines,Tofu,Soup
16,Crackers,Tuna,Juice,,,,,,,
17,Fresh Vegetables,Chips,Hamburger,Jam,Frozen Vegetables,,,,,
18,Shellfish,Maps,,,,,,,,
19,Jelly,Fresh Chicken,Nasal Sprays,Shampoo,Chips,Pasta,Sardines,,,
20,Mouthwash,Pot Cleaners,Candles,Fresh Fruit,Wine,Personal Hygiene,Tofu,Tools,Frozen Chicken,French Fries
21,Sardines,Cooking Oil,Conditioner,Juice,Muffins,Sugar,Paper Dishes,Crackers,Shampoo,Eggs
22,Fresh Fruit,Pot Cleaners,TV Dinner,,,,,,,
23,Frozen Chicken,Gum,,,,,,,,
24,Cheese,Fresh Vegetables,Popcorn,Clams,Toothbrushes,Pretzels,,,,
25,Mouthwash,Pot Scrubbers,Paper Wipes,,,,,,,
26,Fashion Magazines,,,,,,,,,
27,Soda,Fashion Magazines,Popcorn,Shrimp,Beer,,,,,
28,Hamburger,Batteries,Ice Cream,Hot Dogs,Preserves,Paper Wipes,Popsicles,Sugar,Nuts,
29,Dishwasher Soap,Juice,Screwdrivers,Popsicles,Deli Salads,Pot Scrubbers,Shower Soap,,,
30,Chocolate Candy,Peanut Butter,Cleaners,Acetominifen,Juice,Tofu,Pancakes,,,
31,Soda,Hard Candy,Canned Vegetables,Flavored Drinks,Deli Salads,Ibuprofen,Fashion Magazines,TV Dinner,Clams,
32,Pancakes,Bagels,,,,,,,,
33,Ibuprofen,,,,,,,,,
34,Tofu,Dips,Cereal,Jelly,Cheese,Popsicles,French Fries,Auto Magazines,Chips,
35,Crackers,Dehydrated Soup,Deli Meats,Dishwasher Soap,Conditioner,,,,,
36,Shellfish,Sliced Bread,Dishwasher Soap,Jelly,Pancake Mix,Sour Cream,Canned Vegetables,Chocolate,Maps,Pancakes
37,Toilet Brushes,Sour Cream,,,,,,,,
38,Ice Cream,Shower Soap,Chips,Maps,Sauces,,,,,
39,Acetominifen,Frozen Chicken,Chocolate Candy,Personal Hygiene,Sports Magazines,Fresh Fish,Sugar,Cottage Cheese,Hamburger,
40,Shampoo,Fresh Chicken,Pot Cleaners,Fashion Magazines,Pancake Mix,Clams,Hamburger,Fresh Fish,Cheese,Wine
41,Fresh Fish,Nasal Sprays,Plastic Utensils,Tofu,Deli Salads,Crackers,Beer,Conditioner,,
42,Chips,Pots and Pans,,,,,,,,
43,Popsicles,Fresh Fruit,,,,,,,,
44,Frozen Vegetables,Waffles,,,,,,,,
45,Soda,Cottage Cheese,Yogurt,Cleaners,Non-Alcoholic Wine,,,,,
46,Canned Fruit,Pretzels,Pizza,Popcorn,Dish Soap,Frozen Chicken,,,,
47,Dried Fruit,Nuts,French Fries,Cottage Cheese,Rice,Computer Magazines,Pancake Mix,,,
48,Personal Hygiene,Eggs,Bologna,Tuna,Pots and Pans,Dishwasher Soap,Sunglasses,Cookies,Maps,
49,Shrimp,,,,,,,,,
50,Tools,Frozen Vegetables,Frozen Chicken,Dips,,,,,,
51,Lightbulbs,Cheese,Soda,Personal Hygiene,Crackers,Tools,,,,
52,Shower Soap,Cookies,Shellfish,Juice,Soda,,,,,
53,Candles,Shampoo,Anchovies,Computer Magazines,Soup,Paper Dishes,,,,
54,Tofu,,,,,,,,,
55,Ibuprofen,Dried Meat,Chips,Shrimp,Sauces,Pasta,Sports Magazines,Cookies,Pot Cleaners,Chocolate Candy
56,Muffins,Sour Cream,Computer Magazines,Personal Hygiene,Popcorn,Yogurt,Rice,,,
57,Anchovies,Toothbrushes,Dips,,,,,,,
58,Pasta,Batteries,Sponges,Gum,Oysters,Juice,Ibuprofen,Screwdrivers,Beer,Lightbulbs
59,Juice,Fresh Fruit,Dried Meat,Mouthwash,Yogurt,Toilet Brushes,Bagels,Oysters,Home Magazines,
60,Sunglasses,Jelly,Sliced Bread,Lightbulbs,Deli Meats,,,,,
61,Plastic Utensils,,,,,,,,,
62,Shrimp,Pot Scrubbers,Anchovies,Cereal,,,,,,
63,Cottage Cheese,Aspirin,Rice,Dried Fruit,Crackers,,,,,
64,Flavored Drinks,Beer,Paper Wipes,Waffles,,,,,,
65,Dried Fruit,,,,,,,,,
66,Juice,Dips,,,,,,,,
67,Cooking Oil,Screwdrivers,Jam,Bologna,Tuna,,,,,
68,Bagels,Pot Scrubbers,Chocolate Candy,Mouthwash,Dish Soap,Hamburger,Donuts,Cottage Cheese,,
69,Soup,Cold Remedies,Aspirin,Shellfish,Pancakes,,,,,
70,Sour Cream,Hamburger,Cereal,,,,,,,
71,Candles,Tools,Spices,Chocolate,Anchovies,Wine,Auto Magazines,Fresh Fruit,Hot Dogs,Tofu
72,Muffins,Dehydrated Soup,Juice,Sugar,Deli Meats,Cottage Cheese,Maps,,,
73,Dried Meat,Peanut Butter,Non-Alcoholic Wine,,,,,,,
74,Jelly,,,,,,,,,
75,Ibuprofen,Chocolate Candy,Toothbrushes,Mouthwash,Cleaners,,,,,
76,Mouthwash,Non-Alcoholic Wine,Frozen Chicken,Personal Hygiene,Pasta,Pizza,Spices,Fresh Fruit,Maps,Pancake Mix
77,Popcorn,,,,,,,,,
78,Dried Fruit,Jam,Sugar,Preserves,Anchovies,Screwdrivers,Aspirin,Shellfish,,
79,Deodorizers,,,,,,,,,
80,Candles,Rice,Auto Magazines,,,,,,,
81,Cereal,Peanut Butter,Dips,Candles,Ice Cream,Mouthwash,Clams,Home Magazines,,
82,Oysters,Personal Hygiene,,,,,,,,
83,Preserves,Peanut Butter,Fresh Fish,,,,,,,
84,Fresh Vegetables,Screwdrivers,Sponges,Dishwasher Soap,Muffins,Oysters,Batteries,Pot Cleaners,Waffles,
85,Wine,Dried Fruit,TV Dinner,Muffins,Aspirin,Shellfish,Paper Wipes,Hot Dogs,Pasta,Tuna
86,Anchovies,Sponges,Screwdrivers,Dish Soap,Cleaners,Tuna,Plastic Utensils,Sports Magazines,,
87,Personal Hygiene,Pancakes,,,,,,,,
88,Soup,Tools,,,,,,,,
89,Dehydrated Soup,Jam,Sour Cream,Tuna,Sugar,Muffins,Sunglasses,,,
90,Spices,Cold Remedies,Fresh Vegetables,Ice Cream,,,,,,
91,Cheese,,,,,,,,,
92,Nuts,Aspirin,Dried Meat,Anchovies,Plastic Utensils,Sunglasses,Popcorn,Deli Meats,,
93,Muffins,Maps,,,,,,,,
94,Deli Salads,Hard Candy,Frozen Chicken,Plastic Utensils,Pizza,Shellfish,Dishwasher Soap,,,
95,Fresh Fruit,Frozen Chicken,,,,,,,,
96,Dried Fruit,Spices,Deli Salads,Peanut Butter,Eggs,Shampoo,Bologna,Hamburger,Pretzels,Shrimp
97,Cereal,Gum,Ibuprofen,Acetominifen,,,,,,
98,Batteries,Pasta,Screwdrivers,Sardines,,,,,,
99,Hot Dogs,Pancakes,Ibuprofen,,,,,,,
100,Candles,Batteries,Shrimp,Shower Soap,Paper Dishes,Fresh Fruit,Fresh Chicken,Sauces,,
101,Waffles,Pot Cleaners,Tools,Hard Candy,Chips,,,,,
102,Coffee,,,,,,,,,
103,Toothbrushes,Tofu,Dehydrated Soup,Dried Meat,Shrimp,Pretzels,Tuna,Mouthwash,,
104,TV Dinner,Dried Meat,Conditioner,Yogurt,Eggs,Non-Alcoholic Wine,Waffles,French Fries,Shellfish,Jelly
105,Tofu,Cold Remedies,Dried Meat,,,,,,,
106,Sardines,Gum,Bologna,,,,,,,
107,Chocolate,Sliced Bread,Deli Meats,Dishwasher Soap,Sponges,Hot Dogs,Chocolate Candy,Ibuprofen,,
108,Batteries,Conditioner,,,,,,,,
109,Cold Remedies,Chocolate,Hot Dogs,Shrimp,Cottage Cheese,Flavored Drinks,Sugar,Dehydrated Soup,Canned Vegetables,
110,Ice Cream,Sugar,,,,,,,,
111,Hard Candy,,,,,,,,,
112,Computer Magazines,Sugar,Nasal Sprays,Cheese,Muffins,Ice Cream,Plastic Utensils,,,
113,Hot Dogs,Milk,Sliced Bread,Dishwasher Soap,TV Dinner,Soda,Sardines,Chocolate Candy,Dehydrated Soup,
114,Ice Cream,,,,,,,,,
115,Beer,Pot Cleaners,Dish Soap,Frozen Chicken,,,,,,
116,Nuts,Personal Hygiene,Nasal Sprays,Sour Cream,Milk,Home Magazines,Frozen Chicken,,,
117,Lightbulbs,Spices,Yogurt,Chips,Hard Candy,Pancakes,Maps,,,
118,Anchovies,Frozen Vegetables,,,,,,,,
119,Candles,Maps,Dehydrated Soup,Screwdrivers,Eggs,,,,,
120,Wine,Sardines,Lightbulbs,,,,,,,
121,Fresh Vegetables,Pot Scrubbers,Pizza,Nuts,Rice,Milk,French Fries,Paper Dishes,Shellfish,Cooking Oil
122,Cheese,Yogurt,Crackers,French Fries,Shrimp,Soda,Fresh Vegetables,Dishwasher Soap,Cereal,
123,Toothbrushes,Fresh Chicken,Canned Vegetables,Toilet Brushes,Jelly,,,,,
124,Preserves,,,,,,,,,
125,Shrimp,Sponges,Pizza,Dips,,,,,,
126,Shower Soap,Clams,Fresh Fruit,Lightbulbs,Rice,Popcorn,Fresh Vegetables,Preserves,Sunglasses,Cereal
127,Toilet Brushes,Hot Dogs,Pizza,Cereal,,,,,,
128,Cereal,Chocolate Candy,Cleaners,Waffles,Nasal Sprays,Anchovies,Sunglasses,Tuna,Fresh Fish,Yogurt
129,Paper Wipes,Frozen Chicken,,,,,,,,
130,Soup,Jelly,Acetominifen,Popsicles,Eggs,Hard Candy,Conditioner,,,
131,Fresh Fruit,Shellfish,Sports Magazines,TV Dinner,Deodorizers,Pasta,Pretzels,Canned Vegetables,Cooking Oil,
132,Cereal,Donuts,Lightbulbs,French Fries,Milk,,,,,
133,Sardines,Canned Fruit,Frozen Vegetables,Dips,Ice Cream,Dishwasher Soap,Chocolate,Coffee,Sponges,Cookies
134,Non-Alcoholic Wine,Shower Soap,Auto Magazines,,,,,,,
135,Cheese,Toothbrushes,Home Magazines,,,,,,,
136,Shampoo,Tofu,Lightbulbs,Dried Fruit,Pot Scrubbers,Home Magazines,Batteries,Dish Soap,,
137,Shellfish,Chocolate Candy,Cold Remedies,,,,,,,
138,Cereal,Bagels,Candles,Yogurt,Coffee,Rice,Pancakes,Tuna,Soda,
139,Pancake Mix,Cold Remedies,,,,,,,,
140,Shellfish,,,,,,,,,
141,Muffins,Chips,Sponges,Beer,Coffee,Tofu,Maps,Fresh Fruit,Dishwasher Soap,
142,Eggs,Soda,Sugar,Cleaners,Milk,Nasal Sprays,Fresh Fruit,Anchovies,Frozen Vegetables,Beer
143,Oysters,Batteries,Dehydrated Soup,Sponges,Pancakes,Wine,Nasal Sprays,Sour Cream,,
144,Yogurt,Lightbulbs,Tofu,Dehydrated Soup,,,,,,
145,Frozen Chicken,Pizza,Cookies,Soup,Spices,Dried Meat,Paper Wipes,Cheese,Pasta,
146,Paper Wipes,Pots and Pans,Auto Magazines,Rice,Aspirin,Cereal,,,,
147,Batteries,Sour Cream,Shampoo,,,,,,,
148,Conditioner,Canned Fruit,Bagels,,,,,,,
149,Spices,Coffee,Dehydrated Soup,Jam,Soda,Fresh Vegetables,,,,
150,Shower Soap,Auto Magazines,Sports Magazines,Soup,Shrimp,Pancakes,Lightbulbs,,,
151,Sunglasses,Chocolate Candy,Cooking Oil,Hamburger,,,,,,
152,TV Dinner,Canned Vegetables,,,,,,,,
153,Peanut Butter,Dried Fruit,Shampoo,Spices,Sunglasses,Milk,,,,
154,Crackers,Pot Cleaners,Sardines,TV Dinner,Yogurt,Home Magazines,Donuts,Cleaners,Ice Cream,Wine
155,Mouthwash,Yogurt,Cheese,Fresh Fruit,Sunglasses,Fresh Fish,,,,
156,TV Dinner,Deli Salads,Crackers,Fashion Magazines,Milk,Soda,,,,
157,Spices,Bologna,Aspirin,Fashion Magazines,Shampoo,Non-Alcoholic Wine,Tofu,Pancake Mix,,
158,Cereal,Frozen Vegetables,Milk,Rice,Shellfish,Sauces,Nuts,Tuna,Peanut Butter,
159,Pretzels,Pasta,Soup,Donuts,Nasal Sprays,Popsicles,,,,
160,Juice,Preserves,Flavored Drinks,Bologna,,,,,,
161,Chocolate,Pasta,Pot Scrubbers,,,,,,,
162,Rice,Sliced Bread,TV Dinner,Eggs,Frozen Vegetables,Home Magazines,,,,
163,Cottage Cheese,,,,,,,,,
164,Soup,Jam,Cold Remedies,Cooking Oil,Frozen Vegetables,Tofu,,,,
165,Spices,Soda,Eggs,Frozen Vegetables,,,,,,
166,Cereal,Shrimp,Dehydrated Soup,Oysters,Cheese,,,,,
167,Home Magazines,Dehydrated Soup,Cheese,Sour Cream,Paper Dishes,Crackers,Dips,,,
168,Flavored Drinks,Clams,,,,,,,,
169,Pot Cleaners,Cold Remedies,Donuts,Yogurt,Tofu,Soda,Bagels,,,
170,Dishwasher Soap,Candles,,,,,,,,
171,Non-Alcoholic Wine,Deodorizers,Deli Meats,Sauces,,,,,,
172,Spices,,,,,,,,,
173,Sour Cream,Wine,Acetominifen,Clams,,,,,,
174,Pretzels,,,,,,,,,
175,Cleaners,Ibuprofen,Gum,Cold Remedies,Plastic Utensils,Anchovies,,,,
176,Jelly,Deodorizers,,,,,,,,
177,Cold Remedies,Fashion Magazines,Toothbrushes,,,,,,,
178,Popsicles,,,,,,,,,
179,Jelly,Toilet Brushes,Shower Soap,Nuts,Acetominifen,Milk,,,,
180,Mouthwash,Fresh Fish,Computer Magazines,Tofu,Acetominifen,Canned Fruit,Personal Hygiene,,,
181,Milk,Pot Cleaners,,,,,,,,
182,Plastic Utensils,Hot Dogs,Fresh Fruit,,,,,,,
183,Ice Cream,Sour Cream,Hard Candy,Sunglasses,,,,,,
184,Tofu,Deli Meats,Rice,Pizza,Soup,Chips,,,,
185,Maps,Muffins,Pancakes,Dried Fruit,,,,,,
186,Dish Soap,Chips,Waffles,Cereal,Toothbrushes,Pancakes,Acetominifen,Sliced Bread,Ibuprofen,Coffee
187,Lightbulbs,Shampoo,Hard Candy,Screwdrivers,Pancakes,Computer Magazines,,,,
188,Yogurt,Jam,Crackers,Plastic Utensils,Deli Salads,Tofu,Canned Fruit,Sauces,Aspirin,
189,Cookies,Oysters,Hot Dogs,Shower Soap,Paper Dishes,Preserves,Cereal,Waffles,Fashion Magazines,Dishwasher Soap
190,Frozen Vegetables,Dishwasher Soap,Canned Vegetables,Lightbulbs,Dried Meat,Sponges,,,,
191,Tuna,Chocolate,Oysters,Deli Salads,Gum,Toothbrushes,Donuts,Personal Hygiene,Cooking Oil,
192,Pancake Mix,Plastic Utensils,Fresh Fruit,Acetominifen,Batteries,Sauces,,,,
193,Chips,Spices,Juice,Toilet Brushes,Wine,Pots and Pans,Conditioner,Cereal,Waffles,Pot Cleaners
194,TV Dinner,Coffee,Tools,Conditioner,Pots and Pans,Sponges,Eggs,,,
195,Conditioner,Candles,Cereal,,,,,,,
196,Beer,Pots and Pans,,,,,,,,
197,Sauces,Cleaners,Ice Cream,Chips,Sunglasses,Screwdrivers,Fresh Chicken,Pot Cleaners,,
198,Frozen Chicken,Pots and Pans,,,,,,,,
199,Sponges,Dips,Canned Fruit,Milk,Pancakes,,,,,
200,Sugar,Personal Hygiene,Deli Salads,Donuts,,,,,,
201,Deli Salads,Shellfish,Milk,Dried Meat,Dips,Pot Scrubbers,Chips,Muffins,Donuts,Ice Cream
202,Sports Magazines,Milk,Toothbrushes,Ibuprofen,Gum,Nuts,,,,
203,Tuna,Nuts,Tools,Pasta,Maps,Clams,Cookies,Sunglasses,,
204,Shellfish,Chips,Juice,Pancake Mix,Clams,Sugar,Soup,Non-Alcoholic Wine,,
205,Nasal Sprays,Deli Meats,Crackers,Cold Remedies,French Fries,Deli Salads,,,,
206,Waffles,Home Magazines,Milk,Screwdrivers,Crackers,Paper Dishes,Fashion Magazines,Clams,Nasal Sprays,
207,Deli Meats,Popcorn,Rice,Hard Candy,Frozen Vegetables,Peanut Butter,Sponges,,,
208,Fresh Vegetables,Nuts,,,,,,,,
209,Beer,Dried Meat,Ibuprofen,Milk,,,,,,
210,Peanut Butter,Cleaners,Clams,Popcorn,Muffins,Paper Wipes,Ibuprofen,Plastic Utensils,,
211,Cold Remedies,Clams,Dehydrated Soup,Auto Magazines,Shower Soap,Peanut Butter,Pot Scrubbers,Flavored Drinks,,
212,Oysters,Popsicles,Sour Cream,Computer Magazines,Plastic Utensils,Dried Meat,Chocolate Candy,Sliced Bread,,
213,Toothbrushes,Dishwasher Soap,Chips,Lightbulbs,Deodorizers,French Fries,Pasta,Paper Dishes,Sliced Bread,
214,Fresh Fish,Aspirin,Shrimp,Toothbrushes,Fresh Vegetables,Waffles,Cooking Oil,Wine,Tuna,Shampoo
215,Wine,Fresh Chicken,Mouthwash,Cheese,,,,,,
216,Tofu,,,,,,,,,
217,Pizza,,,,,,,,,
218,TV Dinner,Sauces,Dishwasher Soap,,,,,,,
219,Preserves,Gum,Cottage Cheese,Sliced Bread,Canned Vegetables,Sour Cream,Shrimp,Sports Magazines,Crackers,Milk
220,Fresh Vegetables,Screwdrivers,Frozen Chicken,Preserves,Tools,Pot Scrubbers,,,,
221,Maps,Personal Hygiene,Dried Meat,,,,,,,
222,Shellfish,Screwdrivers,,,,,,,,
223,Shrimp,,,,,,,,,
224,Sports Magazines,Sardines,Clams,Peanut Butter,,,,,,
225,Lightbulbs,,,,,,,,,
226,Mouthwash,Personal Hygiene,Fresh Fruit,,,,,,,
227,Muffins,French Fries,Cereal,Cooking Oil,Batteries,Cottage Cheese,Computer Magazines,Hard Candy,,
228,Anchovies,Chips,Aspirin,Crackers,Dried Meat,Candles,Cheese,Shellfish,Eggs,
229,Eggs,Lightbulbs,Flavored Drinks,Popsicles,Bologna,Ice Cream,,,,
230,Fresh Vegetables,Shower Soap,Clams,Oysters,Conditioner,Fresh Fish,,,,
231,Spices,,,,,,,,,
232,Deli Meats,Soda,Shellfish,Ice Cream,Waffles,Dehydrated Soup,Ibuprofen,Chips,Toilet Brushes,
233,Mouthwash,Plastic Utensils,Sardines,,,,,,,
234,Ice Cream,Sardines,Donuts,Plastic Utensils,,,,,,
235,Acetominifen,Oysters,Mouthwash,,,,,,,
236,Lightbulbs,French Fries,Dried Fruit,Paper Wipes,Ibuprofen,Jam,Pot Scrubbers,,,
237,Chocolate,Computer Magazines,Deodorizers,Tuna,Milk,Dried Meat,,,,
238,Deli Meats,Dish Soap,Waffles,Auto Magazines,,,,,,
239,Coffee,Personal Hygiene,Cleaners,,,,,,,
240,Computer Magazines,Rice,Ibuprofen,Wine,Screwdrivers,Gum,,,,
241,Chips,Cold Remedies,Clams,Shampoo,Cheese,Cottage Cheese,Sugar,Hot Dogs,,
242,Pizza,Cooking Oil,Pots and Pans,Tools,Yogurt,Fresh Fish,Oysters,Chocolate,,
243,Sponges,Preserves,Crackers,Waffles,,,,,,
244,Canned Vegetables,Shrimp,Chocolate,Oysters,Candles,Acetominifen,Soup,Preserves,Fashion Magazines,Pancakes
245,Plastic Utensils,Oysters,Paper Wipes,Wine,Milk,,,,,
246,Batteries,Anchovies,Sour Cream,Muffins,,,,,,
247,Jam,Popcorn,Cookies,Candles,Hard Candy,Tofu,French Fries,Cereal,,
248,Wine,Personal Hygiene,Peanut Butter,Ibuprofen,Rice,Canned Vegetables,Fresh Fish,Crackers,Dehydrated Soup,Tuna
249,Cereal,Sardines,Dips,Sauces,Pancake Mix,Lightbulbs,Shampoo,,,
250,Peanut Butter,Sponges,Sauces,Sliced Bread,Pot Cleaners,Cleaners,,,,
251,Sardines,Pot Scrubbers,Auto Magazines,Cheese,Paper Wipes,Donuts,Fashion Magazines,Personal Hygiene,Dehydrated Soup,
252,Bologna,,,,,,,,,
253,Peanut Butter,Deodorizers,Milk,Pasta,Flavored Drinks,Tools,Dried Meat,Tofu,Batteries,Sugar
254,Auto Magazines,Popsicles,Sunglasses,Hamburger,Aspirin,Jam,,,,
255,Canned Vegetables,Oysters,Sugar,TV Dinner,Shrimp,,,,,
256,Soup,Personal Hygiene,Frozen Chicken,Sauces,Pancakes,Hamburger,Chocolate Candy,Mouthwash,,
257,Deli Salads,Non-Alcoholic Wine,Acetominifen,Plastic Utensils,Jelly,,,,,
258,Dried Meat,,,,,,,,,
259,Pancakes,Canned Fruit,Donuts,Pots and Pans,Fresh Vegetables,Dehydrated Soup,Sponges,Spices,Home Magazines,Conditioner
260,Flavored Drinks,Maps,Conditioner,Bologna,Deli Meats,Toilet Brushes,,,,
261,Ibuprofen,Screwdrivers,Toilet Brushes,Bologna,Cereal,Peanut Butter,Fresh Vegetables,Pasta,,
262,Gum,Bagels,Popcorn,Popsicles,Hard Candy,Fresh Fruit,Fashion Magazines,Tools,,
263,Non-Alcoholic Wine,Batteries,Screwdrivers,Tofu,Home Magazines,Anchovies,,,,
264,Chocolate,Paper Wipes,Canned Vegetables,Fresh Fruit,Paper Dishes,Pancakes,Dips,Toothbrushes,Shower Soap,Eggs
265,Mouthwash,Aspirin,Fresh Vegetables,Pancake Mix,,,,,,
266,Pretzels,Plastic Utensils,Shampoo,Hot Dogs,Deodorizers,Spices,Dried Meat,Popcorn,Sponges,Gum
267,Dried Fruit,Shellfish,Frozen Vegetables,Sauces,Sardines,Juice,Popcorn,Cookies,Wine,
268,Milk,Pancake Mix,Preserves,Shrimp,Toothbrushes,Dish Soap,,,,
269,Pancakes,Non-Alcoholic Wine,Frozen Chicken,Mouthwash,Chips,Toilet Brushes,Clams,,,
270,Toilet Brushes,Frozen Vegetables,Cleaners,,,,,,,
271,Flavored Drinks,Eggs,Sour Cream,Waffles,Dehydrated Soup,Toothbrushes,Aspirin,Plastic Utensils,,
272,Deodorizers,Soup,Home Magazines,Maps,Waffles,Acetominifen,Nasal Sprays,,,
273,Sardines,Yogurt,,,,,,,,
274,Sponges,Pot Cleaners,Peanut Butter,Sliced Bread,Cold Remedies,Toothbrushes,Sardines,,,
275,Toilet Brushes,Pancakes,,,,,,,,
276,French Fries,Home Magazines,Dried Meat,Sauces,Conditioner,Computer Magazines,Milk,Sliced Bread,Cold Remedies,Anchovies
277,Anchovies,Conditioner,Sauces,Computer Magazines,Fresh Chicken,Pot Cleaners,Fashion Magazines,Cooking Oil,,
278,Sliced Bread,Dish Soap,Chocolate Candy,,,,,,,
279,Fresh Fruit,Nuts,Muffins,Plastic Utensils,Paper Wipes,Computer Magazines,,,,
280,Frozen Chicken,,,,,,,,,
281,Frozen Chicken,Dried Fruit,Dehydrated Soup,Dried Meat,Ibuprofen,Cottage Cheese,,,,
282,Pot Scrubbers,Wine,Nuts,Milk,Home Magazines,,,,,
283,Cooking Oil,,,,,,,,,
284,Jelly,,,,,,,,,
285,Shellfish,Pot Scrubbers,Beer,Crackers,Jelly,Oysters,Fashion Magazines,Dried Meat,,
286,Candles,Dips,Bologna,Dishwasher Soap,Fresh Vegetables,Pretzels,Donuts,,,
287,Toothbrushes,Nuts,Pot Cleaners,Frozen Chicken,,,,,,
288,Nuts,Shellfish,Sports Magazines,,,,,,,
289,Chips,Deli Salads,Tofu,Rice,,,,,,
290,Soup,Dish Soap,Screwdrivers,Batteries,Frozen Vegetables,Muffins,Nuts,Gum,Tofu,
291,Clams,Jelly,Oysters,Flavored Drinks,Toothbrushes,Ibuprofen,Deli Salads,Shower Soap,,
292,Dips,,,,,,,,,
293,Rice,Dish Soap,Oysters,Hamburger,Sauces,Sports Magazines,Dried Fruit,Dried Meat,Cottage Cheese,Shampoo
294,Preserves,Deodorizers,,,,,,,,
295,Ibuprofen,Chocolate,,,,,,,,
296,Shrimp,Hamburger,Frozen Vegetables,Rice,Dips,Cookies,,,,
297,Dishwasher Soap,Milk,Dips,Tuna,Popcorn,,,,,
298,Toilet Brushes,,,,,,,,,
299,Yogurt,Waffles,Bagels,Donuts,Popsicles,,,,,
300,Dehydrated Soup,Mouthwash,Pots and Pans,Dishwasher Soap,Clams,Coffee,Fresh Fruit,Dried Meat,Sponges,Jam
301,Flavored Drinks,Sardines,Hot Dogs,Soda,Waffles,Conditioner,Mouthwash,Deli Meats,,
302,Paper Dishes,,,,,,,,,
303,Beer,Computer Magazines,Canned Vegetables,Dehydrated Soup,Tools,,,,,
304,Sponges,Shellfish,Shower Soap,Home Magazines,Paper Dishes,Shampoo,,,,
305,Pizza,,,,,,,,,
306,Toothbrushes,Beer,Sardines,Crackers,Jam,Fresh Fruit,Toilet Brushes,Plastic Utensils,Aspirin,
307,Chocolate,Frozen Vegetables,Jam,Frozen Chicken,Fresh Chicken,Pot Scrubbers,Oysters,Wine,Shellfish,Non-Alcoholic Wine
308,Conditioner,Auto Magazines,Paper Dishes,Hard Candy,Plastic Utensils,Fashion Magazines,Fresh Vegetables,Chocolate Candy,Flavored Drinks,Deli Meats
309,Hard Candy,Donuts,,,,,,,,
310,Dishwasher Soap,Beer,Gum,,,,,,,
311,Dried Fruit,,,,,,,,,
312,Shampoo,Canned Fruit,Sunglasses,,,,,,,
313,Yogurt,Juice,Deli Salads,Auto Magazines,Bagels,,,,,
314,Wine,Acetominifen,Cold Remedies,,,,,,,
315,Deli Salads,Chips,Fashion Magazines,Cheese,Yogurt,Hot Dogs,,,,
316,Candles,Acetominifen,Wine,Sugar,Canned Fruit,Soda,,,,
317,Personal Hygiene,Yogurt,Shellfish,Dried Meat,Candles,Anchovies,Screwdrivers,Peanut Butter,Wine,
318,Tools,Shrimp,Coffee,Pizza,,,,,,
319,Fresh Fruit,,,,,,,,,
320,Gum,Clams,,,,,,,,
321,Shrimp,Deodorizers,Coffee,Candles,Ice Cream,,,,,
322,Sports Magazines,Conditioner,Hamburger,Dried Fruit,,,,,,
323,Frozen Vegetables,Rice,Nuts,Paper Wipes,Popcorn,Shampoo,,,,
324,Pretzels,Pancake Mix,Sardines,Nuts,,,,,,
325,Ice Cream,Jelly,Frozen Vegetables,Bagels,Clams,Sports Magazines,Spices,Pots and Pans,,
326,Personal Hygiene,Pancake Mix,Sponges,Cheese,Cold Remedies,Cottage Cheese,Popcorn,Aspirin,Preserves,
327,Non-Alcoholic Wine,Cleaners,Fresh Fish,Candles,Shampoo,Bologna,,,,
328,Dips,Pot Cleaners,Pots and Pans,Nasal Sprays,Tools,Cottage Cheese,,,,
329,Shower Soap,Preserves,Bagels,Rice,,,,,,
330,Conditioner,Sugar,Mouthwash,Sunglasses,Muffins,,,,,
331,Frozen Vegetables,Pot Cleaners,Tofu,Oysters,Canned Vegetables,Dried Fruit,,,,
332,Aspirin,Milk,,,,,,,,
333,Deli Meats,Juice,Tools,Jam,Conditioner,Crackers,Pot Scrubbers,Paper Wipes,,
334,Conditioner,Paper Dishes,,,,,,,,
335,Soup,Lightbulbs,Fresh Chicken,Clams,Pretzels,Waffles,Crackers,Non-Alcoholic Wine,Oysters,
336,Dried Meat,Personal Hygiene,Pancake Mix,Shower Soap,Hamburger,Sardines,Hot Dogs,Pancakes,Rice,Donuts
337,Sour Cream,Waffles,Soda,,,,,,,
338,Pasta,,,,,,,,,
339,Fresh Fish,Sponges,Beer,Pot Scrubbers,Sports Magazines,Clams,Hot Dogs,Cookies,Coffee,Yogurt
340,Lightbulbs,,,,,,,,,
341,Shrimp,Canned Vegetables,Hamburger,Shellfish,Deodorizers,Sugar,Coffee,Beer,,
342,Shrimp,Pancake Mix,Chocolate Candy,,,,,,,
343,Batteries,Auto Magazines,Pot Scrubbers,Muffins,Chocolate Candy,Preserves,Tofu,Sour Cream,Sponges,Ibuprofen
344,Cheese,Fresh Vegetables,Wine,,,,,,,
345,Pancakes,Paper Wipes,Computer Magazines,French Fries,Conditioner,,,,,
346,Sunglasses,Lightbulbs,,,,,,,,
347,Sugar,Shower Soap,Nasal Sprays,Tuna,Fresh Fruit,Pretzels,,,,
348,Fashion Magazines,Yogurt,Rice,Jelly,Shellfish,Muffins,Fresh Chicken,Deli Salads,Non-Alcoholic Wine,Chips
349,Shrimp,Cold Remedies,Canned Fruit,Aspirin,,,,,,
350,Cooking Oil,Sponges,,,,,,,,
351,Yogurt,Tools,,,,,,,,
352,Deli Salads,Nasal Sprays,Anchovies,Batteries,Chocolate,Oysters,Fresh Fruit,,,
353,Nasal Sprays,,,,,,,,,
354,Yogurt,Jam,Sports Magazines,Ice Cream,Dish Soap,,,,,
355,Oysters,Tuna,Sports Magazines,Cookies,Dish Soap,Hard Candy,Popcorn,Jelly,Sponges,Dried Fruit
356,Popsicles,Shampoo,Chips,Chocolate,Tuna,Home Magazines,Non-Alcoholic Wine,Acetominifen,Rice,
357,Soup,,,,,,,,,
358,Tuna,,,,,,,,,
359,Lightbulbs,Preserves,Pancakes,,,,,,,
360,Clams,,,,,,,,,
361,Peanut Butter,Milk,Toothbrushes,Muffins,Mouthwash,,,,,
362,Cottage Cheese,Conditioner,Sardines,Aspirin,Hard Candy,Toilet Brushes,Popcorn,,,
363,Anchovies,Sour Cream,Dried Meat,Shellfish,Non-Alcoholic Wine,Deli Salads,Beer,,,
364,Fresh Chicken,Dried Fruit,TV Dinner,Shower Soap,Sponges,Dehydrated Soup,Ibuprofen,Dishwasher Soap,Personal Hygiene,Sunglasses
365,Lightbulbs,Crackers,Ice Cream,,,,,,,
366,Fresh Chicken,Fresh Vegetables,Maps,Wine,Jelly,Batteries,,,,
367,Milk,Canned Vegetables,Yogurt,Pasta,Home Magazines,Fresh Fish,,,,
368,Soda,Fresh Fish,Deodorizers,Bologna,Pots and Pans,Candles,Sliced Bread,Dehydrated Soup,Cold Remedies,Non-Alcoholic Wine
369,Candles,Chips,Chocolate Candy,,,,,,,
370,TV Dinner,Soda,Sponges,Fresh Vegetables,French Fries,,,,,
371,Cereal,Waffles,Spices,Nasal Sprays,Clams,Jam,Canned Vegetables,Popsicles,Frozen Vegetables,
372,Rice,Dishwasher Soap,,,,,,,,
373,Tuna,Chocolate Candy,Fresh Fish,Cereal,,,,,,
374,Hamburger,Cold Remedies,Dish Soap,Pancake Mix,,,,,,
375,Paper Dishes,Sour Cream,Pot Cleaners,Dehydrated Soup,Tools,,,,,
376,Cheese,Rice,Non-Alcoholic Wine,French Fries,Pancakes,Cooking Oil,Eggs,Toilet Brushes,Jelly,
377,Frozen Vegetables,Acetominifen,Popcorn,,,,,,,
378,Bagels,Pot Scrubbers,Aspirin,Frozen Vegetables,Yogurt,,,,,
379,Crackers,Spices,Sunglasses,Sauces,,,,,,
380,Auto Magazines,Sugar,Cookies,Clams,Conditioner,Spices,Sardines,Personal Hygiene,,
381,Shower Soap,Popsicles,,,,,,,,
382,Bagels,Spices,Auto Magazines,Fashion Magazines,Eggs,Deodorizers,Oysters,,,
383,French Fries,,,,,,,,,
384,Jam,Rice,Bagels,Wine,Cold Remedies,,,,,
385,Shrimp,Batteries,Muffins,Dishwasher Soap,Auto Magazines,Acetominifen,Fresh Fruit,Bagels,Non-Alcoholic Wine,Aspirin
386,Frozen Chicken,Toothbrushes,Canned Fruit,Peanut Butter,Anchovies,Deli Salads,,,,
387,Deodorizers,Screwdrivers,Pot Scrubbers,Lightbulbs,Pizza,Hard Candy,Donuts,Clams,Shrimp,
388,Anchovies,Personal Hygiene,Deli Salads,Fresh Vegetables,French Fries,Computer Magazines,Pancake Mix,,,
389,Ibuprofen,Screwdrivers,,,,,,,,
390,Maps,Pots and Pans,Toilet Brushes,Frozen Chicken,Shampoo,Fresh Chicken,,,,
391,Dips,Pot Scrubbers,Pancake Mix,Popsicles,Waffles,Crackers,Eggs,Sauces,Sour Cream,
392,Canned Fruit,Preserves,Fashion Magazines,Bologna,Deodorizers,,,,,
393,Sugar,Batteries,Spices,Nuts,Computer Magazines,Pot Scrubbers,Waffles,Fashion Magazines,Dish Soap,Gum
394,Bagels,Dehydrated Soup,,,,,,,,
395,Cottage Cheese,Dish Soap,Pot Cleaners,Crackers,Sports Magazines,,,,,
396,Aspirin,Sugar,Mouthwash,Fresh Chicken,Pasta,,,,,
397,Toilet Brushes,Gum,Yogurt,Cheese,Muffins,Coffee,Soda,Dips,Paper Dishes,
398,Nuts,,,,,,,,,
399,Juice,Tools,Sardines,Cottage Cheese,Frozen Vegetables,Jam,,,,
400,Computer Magazines,Rice,Donuts,Waffles,Pancakes,TV Dinner,,,,
401,Waffles,Non-Alcoholic Wine,Hard Candy,Chocolate Candy,Fresh Fish,Toothbrushes,Pancake Mix,Paper Dishes,Auto Magazines,Pretzels
402,Fresh Fish,Personal Hygiene,Clams,,,,,,,
403,TV Dinner,Candles,Popsicles,Milk,,,,,,
404,Auto Magazines,Batteries,Ice Cream,Rice,,,,,,
405,Chips,Cold Remedies,Bologna,Pots and Pans,Paper Dishes,,,,,
406,Coffee,TV Dinner,Nuts,,,,,,,
407,Rice,Fashion Magazines,Cooking Oil,Crackers,,,,,,
408,Home Magazines,Tofu,Paper Wipes,Chocolate Candy,Bagels,Donuts,Cottage Cheese,Sauces,,
409,Personal Hygiene,Eggs,,,,,,,,
410,Crackers,Sauces,Ice Cream,Toilet Brushes,Spices,,,,,
411,Pretzels,Hot Dogs,,,,,,,,
412,Preserves,Oysters,Batteries,Chocolate,Hamburger,Personal Hygiene,Anchovies,Pot Cleaners,,
413,Soda,Dish Soap,Cooking Oil,,,,,,,
414,Canned Fruit,Pot Cleaners,Shampoo,Sliced Bread,Frozen Chicken,Chocolate,Soup,Lightbulbs,Nuts,
415,Hamburger,Hot Dogs,Clams,Toothbrushes,Pretzels,Screwdrivers,Spices,,,
416,Non-Alcoholic Wine,Cottage Cheese,Batteries,Dehydrated Soup,Fresh Fish,Cheese,Tofu,Hard Candy,Muffins,Juice
417,Batteries,Soda,French Fries,Cold Remedies,Rice,Fresh Fish,Jam,,,
418,Muffins,Sugar,Cottage Cheese,Bologna,,,,,,
419,Eggs,,,,,,,,,
420,Crackers,,,,,,,,,
421,Tofu,,,,,,,,,
422,Computer Magazines,Tuna,Coffee,Pancakes,French Fries,Fresh Fish,Donuts,,,
423,Coffee,Screwdrivers,Dried Fruit,Bagels,Dried Meat,Jam,Personal Hygiene,Chocolate Candy,Pizza,Milk
424,Shower Soap,,,,,,,,,
425,Dish Soap,Crackers,Personal Hygiene,Pancake Mix,Sunglasses,,,,,
426,Beer,Nuts,Dish Soap,,,,,,,
427,Frozen Chicken,Yogurt,Deodorizers,Oysters,Deli Salads,Lightbulbs,TV Dinner,Chips,Tools,Shower Soap
428,Paper Dishes,Pretzels,Ibuprofen,Peanut Butter,Cleaners,,,,,
429,Screwdrivers,Deli Meats,Eggs,Ibuprofen,Shellfish,Fresh Chicken,Cheese,Acetominifen,Fresh Fish,
430,Cleaners,Screwdrivers,Sports Magazines,Hot Dogs,Soda,Sliced Bread,Gum,,,
431,Eggs,,,,,,,,,
432,Jelly,Chocolate Candy,Deli Meats,Shrimp,Mouthwash,Pancakes,Deli Salads,Spices,,
433,Dried Fruit,Crackers,Fashion Magazines,Eggs,Hamburger,,,,,
434,Deodorizers,Acetominifen,Tofu,,,,,,,
435,Lightbulbs,Pancake Mix,Auto Magazines,,,,,,,
436,Gum,Jam,Bagels,Dried Fruit,,,,,,
437,Toothbrushes,,,,,,,,,
438,Popsicles,Shellfish,Cheese,Sponges,Beer,Jam,Sliced Bread,Sardines,,
439,Hot Dogs,,,,,,,,,
440,Screwdrivers,Bagels,Sunglasses,,,,,,,
441,Fashion Magazines,,,,,,,,,
442,Personal Hygiene,Toilet Brushes,Pot Cleaners,Tofu,Deli Salads,Hard Candy,,,,
443,Cookies,Dried Meat,Shampoo,Rice,,,,,,
444,Dried Meat,Home Magazines,Nuts,Tools,,,,,,
445,Toothbrushes,Chocolate Candy,Jelly,Donuts,,,,,,
446,Sour Cream,Ibuprofen,Sugar,Dishwasher Soap,Canned Vegetables,Jam,,,,
447,Chocolate,Shellfish,Canned Vegetables,Clams,Frozen Chicken,,,,,
448,Pancake Mix,,,,,,,,,
449,Rice,Nasal Sprays,Cereal,Soup,Deodorizers,Sponges,Clams,Hard Candy,,
450,Screwdrivers,Pancake Mix,Fresh Fruit,Canned Vegetables,Popcorn,Deli Meats,Shampoo,Pots and Pans,,
451,Personal Hygiene,,,,,,,,,
452,Deli Salads,Hamburger,Non-Alcoholic Wine,,,,,,,
453,Peanut Butter,Home Magazines,Cheese,Rice,Hard Candy,Fresh Fish,,,,
454,Peanut Butter,,,,,,,,,
455,Pizza,Cookies,Screwdrivers,Pots and Pans,,,,,,
456,Waffles,Spices,Frozen Vegetables,,,,,,,
457,Gum,Lightbulbs,,,,,,,,
458,Pot Cleaners,Cooking Oil,Canned Vegetables,Hamburger,,,,,,
459,Pots and Pans,,,,,,,,,
460,Donuts,Pizza,Beer,Frozen Chicken,Flavored Drinks,,,,,
461,Ice Cream,Fresh Fruit,Milk,Dishwasher Soap,,,,,,
462,Fresh Vegetables,Chips,Tofu,,,,,,,
463,Tofu,French Fries,,,,,,,,
464,Computer Magazines,,,,,,,,,
465,Sports Magazines,Aspirin,Coffee,,,,,,,
466,Toilet Brushes,Tofu,,,,,,,,
467,Donuts,Nuts,Rice,Popcorn,Muffins,Soup,,,,
468,Soda,Sliced Bread,Plastic Utensils,Deli Salads,Dishwasher Soap,Sports Magazines,Pasta,,,
469,Cottage Cheese,Donuts,Chocolate,Crackers,Candles,Deli Meats,,,,
470,Gum,Candles,,,,,,,,
471,Gum,Shrimp,Jam,Dishwasher Soap,,,,,,
472,Maps,Hamburger,Muffins,Chocolate Candy,Sour Cream,,,,,
473,Nasal Sprays,Fresh Vegetables,Pot Cleaners,Rice,Auto Magazines,Shampoo,Candles,Soup,,
474,Canned Fruit,Deodorizers,Cleaners,Paper Dishes,Fresh Fish,Ibuprofen,,,,
475,Sliced Bread,Cleaners,Fresh Vegetables,Chocolate Candy,Pretzels,Screwdrivers,,,,
476,Cold Remedies,Pancake Mix,Bagels,Pancakes,Ice Cream,Oysters,,,,
477,Pots and Pans,Donuts,Dehydrated Soup,,,,,,,
478,Pizza,TV Dinner,Fresh Fish,Sauces,Juice,Screwdrivers,Cookies,Coffee,Bologna,French Fries
479,Toothbrushes,Computer Magazines,,,,,,,,
480,Fresh Fish,Hamburger,Tools,Nuts,Cooking Oil,Computer Magazines,Dehydrated Soup,,,
481,Personal Hygiene,Sliced Bread,Clams,Chips,Flavored Drinks,,,,,
482,Anchovies,Toothbrushes,Gum,Home Magazines,Cold Remedies,Pretzels,Shellfish,Eggs,,
483,Beer,Toilet Brushes,Spices,Ice Cream,Non-Alcoholic Wine,Anchovies,,,,
484,Paper Wipes,Fresh Vegetables,Frozen Vegetables,Deli Meats,Bagels,Anchovies,Frozen Chicken,Tuna,,
485,Nuts,Oysters,Chocolate,,,,,,,
486,Pancake Mix,Bagels,Toilet Brushes,Sliced Bread,Chips,Shrimp,Cold Remedies,Hot Dogs,Maps,Muffins
487,Waffles,,,,,,,,,
488,Bologna,Dried Fruit,Bagels,Hot Dogs,Soup,Pot Scrubbers,,,,
489,Frozen Chicken,Peanut Butter,Deodorizers,Tuna,Sponges,,,,,
490,Sauces,Clams,Spices,Sugar,Anchovies,,,,,
491,Paper Dishes,Crackers,Cleaners,Sugar,Waffles,,,,,
492,Nuts,,,,,,,,,
493,Pretzels,Shrimp,Cold Remedies,Waffles,Fashion Magazines,,,,,
494,Lightbulbs,,,,,,,,,
495,Rice,TV Dinner,French Fries,Hot Dogs,Dehydrated Soup,Sliced Bread,Plastic Utensils,Tools,,
496,Pot Cleaners,Paper Dishes,Nuts,,,,,,,
497,Nasal Sprays,Plastic Utensils,,,,,,,,
498,Juice,Shellfish,Soup,Plastic Utensils,Yogurt,Waffles,Popcorn,Cereal,,
499,Wine,Paper Wipes,Hamburger,French Fries,Fresh Vegetables,Dehydrated Soup,Preserves,Pasta,,
500,Shrimp,Clams,Waffles,Toothbrushes,Bologna,Coffee,,,,
501,Cookies,Peanut Butter,Sliced Bread,Pizza,Cottage Cheese,Dips,TV Dinner,,,
502,Beer,Popsicles,Canned Fruit,Frozen Chicken,Fresh Fish,Shower Soap,Pancake Mix,Sauces,,
503,Rice,,,,,,,,,
504,Fashion Magazines,Screwdrivers,Flavored Drinks,Popcorn,Non-Alcoholic Wine,Bologna,Muffins,Shrimp,,
505,Dried Fruit,Tools,Pot Cleaners,TV Dinner,Yogurt,Shellfish,Pots and Pans,Frozen Vegetables,,
506,Sardines,Fashion Magazines,,,,,,,,
507,Pot Cleaners,Gum,Non-Alcoholic Wine,Pasta,Cold Remedies,Ice Cream,Cheese,Pancake Mix,Jam,
508,Hot Dogs,Home Magazines,,,,,,,,
509,French Fries,Pancake Mix,Computer Magazines,Wine,Tuna,Pizza,Dried Meat,Muffins,,
510,Hamburger,Cleaners,Soda,,,,,,,
511,Tofu,Dried Fruit,Donuts,Cold Remedies,Paper Dishes,Shrimp,Fashion Magazines,,,
512,TV Dinner,Milk,Sponges,Eggs,Cooking Oil,Wine,,,,
513,Fresh Chicken,Pasta,Toilet Brushes,Crackers,Sports Magazines,,,,,
514,Fashion Magazines,Sauces,Hamburger,,,,,,,
515,Popcorn,Donuts,Pizza,Juice,Dried Meat,Hamburger,Soup,,,
516,Candles,,,,,,,,,
517,Personal Hygiene,Pasta,,,,,,,,
518,Eggs,Shellfish,Shampoo,Ice Cream,Sponges,Cereal,Deli Meats,Fresh Vegetables,Auto Magazines,Batteries
519,Conditioner,Soda,Hot Dogs,Dish Soap,Cereal,Clams,,,,
520,Deli Salads,Wine,Jam,Bagels,Dried Fruit,Pancakes,Tools,Fresh Vegetables,Auto Magazines,Fresh Chicken
521,Nasal Sprays,Dips,Spices,Popcorn,Cheese,Frozen Chicken,Fashion Magazines,Ice Cream,Home Magazines,Crackers
522,Deli Salads,Pancakes,Fresh Fruit,Milk,Computer Magazines,Tools,,,,
523,Candles,,,,,,,,,
524,Dried Meat,Shellfish,Tools,,,,,,,
525,Dish Soap,Muffins,Deli Meats,Fresh Chicken,Beer,Maps,,,,
526,Lightbulbs,,,,,,,,,
527,Crackers,Paper Wipes,,,,,,,,
528,Soda,Hamburger,Hot Dogs,Jelly,,,,,,
529,Frozen Vegetables,Fashion Magazines,Canned Vegetables,Hamburger,Pancake Mix,,,,,
530,Rice,,,,,,,,,
531,Bagels,Cookies,Shower Soap,Sunglasses,Sardines,,,,,
532,Toilet Brushes,Spices,Crackers,Sponges,Jelly,Paper Dishes,,,,
533,Acetominifen,Anchovies,Fresh Fish,Pot Cleaners,Frozen Vegetables,Pasta,,,,
534,Lightbulbs,Sponges,Ice Cream,Pancakes,,,,,,
535,Mouthwash,Fresh Chicken,Eggs,Pancake Mix,Hamburger,Spices,,,,
536,Shellfish,,,,,,,,,
537,Dips,Sponges,Cottage Cheese,Tofu,,,,,,
538,Popcorn,Plastic Utensils,Fresh Vegetables,Sugar,,,,,,
539,Oysters,Non-Alcoholic Wine,Cold Remedies,,,,,,,
540,Frozen Vegetables,Toothbrushes,Popcorn,Beer,Fresh Fish,,,,,
541,Waffles,Hamburger,Tools,Pot Cleaners,,,,,,
542,Anchovies,Paper Dishes,Screwdrivers,Milk,Acetominifen,Beer,,,,
543,Chocolate Candy,,,,,,,,,
544,Nasal Sprays,Paper Wipes,Shellfish,Shower Soap,Pots and Pans,Chips,Toothbrushes,,,
545,Sugar,,,,,,,,,
546,Sports Magazines,Flavored Drinks,Sliced Bread,Toothbrushes,Dehydrated Soup,Acetominifen,Toilet Brushes,Sugar,,
547,Pot Scrubbers,Cooking Oil,Home Magazines,,,,,,,
548,Tofu,Fashion Magazines,,,,,,,,
549,Deli Meats,Dips,Shellfish,Popsicles,Pizza,,,,,
550,Crackers,TV Dinner,Preserves,Sardines,Milk,Oysters,Dried Fruit,Sunglasses,,
551,Clams,Shellfish,Aspirin,Toothbrushes,Tofu,,,,,
552,Nuts,Ibuprofen,Computer Magazines,Fresh Fish,Chocolate Candy,Tuna,Ice Cream,,,
553,Frozen Chicken,Fresh Fruit,Bagels,Paper Dishes,Anchovies,Pancakes,Deodorizers,Cheese,Juice,
554,Jelly,Sugar,Preserves,Deodorizers,French Fries,Dried Fruit,Flavored Drinks,,,
555,Canned Fruit,Dishwasher Soap,Sports Magazines,Fresh Vegetables,Sliced Bread,Non-Alcoholic Wine,,,,
556,Donuts,Peanut Butter,,,,,,,,
557,Acetominifen,Screwdrivers,Pretzels,Personal Hygiene,Sardines,,,,,
558,Auto Magazines,Bologna,Waffles,Popcorn,Pot Scrubbers,Chocolate,Deli Salads,Gum,,
559,Popsicles,Aspirin,Personal Hygiene,Clams,Deli Salads,Donuts,,,,
560,Pancakes,Shower Soap,,,,,,,,
561,Fresh Vegetables,Frozen Vegetables,Coffee,Chocolate,Mouthwash,Soda,Beer,Hamburger,Pancakes,
562,Deli Meats,,,,,,,,,
563,Computer Magazines,Hot Dogs,Chocolate Candy,Yogurt,Deli Salads,Toilet Brushes,Sardines,Pasta,,
564,Sports Magazines,Shower Soap,Dish Soap,Beer,Ice Cream,Canned Vegetables,Cold Remedies,,,
565,Cottage Cheese,Flavored Drinks,Sliced Bread,Clams,,,,,,
566,Anchovies,Sports Magazines,Clams,Pasta,Chocolate Candy,Frozen Chicken,,,,
567,Coffee,French Fries,Hot Dogs,Canned Fruit,Computer Magazines,Shower Soap,Cereal,Cottage Cheese,Tuna,Dips
568,Sliced Bread,Lightbulbs,Hot Dogs,Tools,Waffles,Candles,Bagels,Fresh Chicken,,
569,Cookies,Hard Candy,Sponges,Preserves,Cottage Cheese,French Fries,Tuna,Donuts,,
570,Shower Soap,Sponges,Toilet Brushes,Ice Cream,Home Magazines,Fashion Magazines,Batteries,Paper Dishes,Plastic Utensils,
571,Pancakes,Hamburger,Screwdrivers,Sliced Bread,Milk,Sour Cream,Plastic Utensils,Paper Dishes,,
572,Waffles,Gum,Cereal,Sunglasses,Fresh Fruit,,,,,
573,Non-Alcoholic Wine,Milk,Shellfish,Pancake Mix,Pasta,,,,,
574,Milk,Fresh Fruit,Acetominifen,Ibuprofen,Shellfish,Deodorizers,,,,
575,Fashion Magazines,Dried Meat,Conditioner,Gum,Spices,Fresh Vegetables,Chips,,,
576,Dried Fruit,Tofu,Paper Dishes,Juice,Pancakes,Auto Magazines,Dish Soap,,,
577,Shower Soap,Cleaners,Paper Dishes,Tuna,Pots and Pans,Fresh Chicken,Dried Fruit,,,
578,Sports Magazines,Pancake Mix,Sponges,Tuna,,,,,,
579,Donuts,Coffee,Sponges,Frozen Vegetables,Crackers,Nuts,Fresh Fish,Pizza,,
580,Sour Cream,Soda,Sauces,Shampoo,Tuna,Waffles,Coffee,Frozen Vegetables,Screwdrivers,Muffins
581,Chocolate Candy,Cheese,Hot Dogs,Ice Cream,Gum,Beer,Nuts,Frozen Vegetables,Conditioner,
582,Cereal,Beer,,,,,,,,
583,Flavored Drinks,Rice,Deli Meats,,,,,,,
584,Gum,Pretzels,Tuna,Dehydrated Soup,Dish Soap,Dips,Anchovies,Chocolate,Pancakes,Bagels
585,Soda,Sliced Bread,Juice,Ibuprofen,Nuts,Fresh Vegetables,Cereal,Cleaners,Spices,Dish Soap
586,Toilet Brushes,Ice Cream,,,,,,,,
587,Tools,Deodorizers,Fresh Fish,Shampoo,Fashion Magazines,Peanut Butter,Pancakes,Cheese,,
588,Computer Magazines,French Fries,Fresh Chicken,Bagels,Batteries,Toothbrushes,TV Dinner,,,
589,Sunglasses,Anchovies,Gum,Nasal Sprays,Shampoo,Chocolate,Yogurt,Sauces,Paper Wipes,French Fries
590,Beer,Popcorn,Preserves,Fresh Chicken,Tuna,Sauces,Pretzels,Soda,Cold Remedies,Eggs
591,Screwdrivers,Pots and Pans,Sugar,Cleaners,Pancake Mix,Home Magazines,Anchovies,,,
592,Jelly,,,,,,,,,
593,Paper Dishes,Shellfish,Canned Vegetables,Aspirin,Lightbulbs,Tuna,Nasal Sprays,Sardines,,
594,Pot Cleaners,TV Dinner,,,,,,,,
595,Fashion Magazines,Crackers,Hamburger,Maps,Candles,Mouthwash,Beer,,,
596,Wine,Deli Meats,Lightbulbs,,,,,,,
597,Nasal Sprays,Deodorizers,Shrimp,Jam,Dried Meat,Sliced Bread,Pots and Pans,Deli Meats,Acetominifen,Soup
598,Soup,Batteries,Fashion Magazines,Cookies,Pancake Mix,Fresh Chicken,Clams,Sauces,Waffles,Deli Meats
599,Personal Hygiene,Pot Cleaners,Auto Magazines,Coffee,,,,,,
600,TV Dinner,Sauces,Shellfish,Crackers,Pot Cleaners,Jam,Sour Cream,Anchovies,Hard Candy,
601,Canned Fruit,Fresh Fruit,Shower Soap,,,,,,,
602,Eggs,Muffins,Cold Remedies,,,,,,,
603,Shellfish,Eggs,Cold Remedies,Waffles,Jelly,Pizza,Jam,Shower Soap,Paper Wipes,
604,Dried Meat,Pot Scrubbers,Bologna,Ice Cream,,,,,,
605,Tofu,Sauces,Wine,Eggs,Spices,Toothbrushes,Pizza,Rice,Batteries,Home Magazines
606,Paper Dishes,Spices,Fresh Fish,,,,,,,
607,Cottage Cheese,Sponges,Yogurt,Bagels,Nuts,Crackers,Fresh Fruit,Bologna,Pancakes,Dish Soap
608,Canned Vegetables,Computer Magazines,Crackers,Coffee,Aspirin,Home Magazines,Popsicles,,,
609,Clams,Cleaners,,,,,,,,
610,Bagels,Peanut Butter,Cottage Cheese,Bologna,Pot Scrubbers,Cereal,Preserves,Paper Wipes,Eggs,Crackers
611,Nasal Sprays,Shampoo,Jam,Paper Wipes,Computer Magazines,Fresh Vegetables,Popsicles,Yogurt,Sour Cream,Fashion Magazines
612,Tools,Juice,Soup,Ibuprofen,Toilet Brushes,Frozen Vegetables,Soda,Lightbulbs,Maps,Yogurt
613,Popsicles,Tools,Popcorn,Waffles,Sliced Bread,Fresh Vegetables,Pretzels,Jam,Dishwasher Soap,Soup
614,Fresh Vegetables,Deodorizers,,,,,,,,
615,Ice Cream,Cold Remedies,Cookies,Deli Meats,Bologna,Batteries,French Fries,Paper Dishes,Anchovies,Dried Fruit
616,Flavored Drinks,Chips,Shower Soap,,,,,,,
617,Candles,Cold Remedies,Fresh Vegetables,Fresh Chicken,,,,,,
618,Sardines,Shower Soap,Chocolate Candy,Frozen Vegetables,,,,,,
619,Home Magazines,Pot Cleaners,Toilet Brushes,Nuts,Beer,,,,,
620,Cold Remedies,Dishwasher Soap,Chocolate,Pretzels,Ibuprofen,Tuna,,,,
621,Cooking Oil,Dehydrated Soup,Dish Soap,Sauces,Donuts,Sour Cream,Ice Cream,Nuts,,
622,Hamburger,,,,,,,,,
623,Cookies,Sunglasses,Sliced Bread,Pot Cleaners,Personal Hygiene,Pizza,Gum,Peanut Butter,,
624,Jam,Dish Soap,Spices,,,,,,,
625,Fresh Vegetables,Pancake Mix,Acetominifen,Shrimp,Waffles,,,,,
626,Cooking Oil,Lightbulbs,Batteries,Canned Fruit,Sliced Bread,Popcorn,Sports Magazines,Chips,French Fries,Crackers
627,Canned Vegetables,,,,,,,,,
628,Peanut Butter,Deli Meats,Plastic Utensils,Shellfish,Frozen Vegetables,Muffins,Batteries,Pizza,Oysters,
629,Rice,Fresh Fruit,,,,,,,,
630,Shampoo,Beer,Ice Cream,Mouthwash,Popsicles,Sunglasses,Deodorizers,Screwdrivers,,
631,Pasta,Pizza,Lightbulbs,Dips,,,,,,
632,Fresh Fruit,Ibuprofen,Sponges,Preserves,,,,,,
633,Soup,Preserves,Wine,Jelly,Chocolate,Spices,Canned Fruit,Maps,,
634,Dried Fruit,,,,,,,,,
635,Frozen Vegetables,Cleaners,,,,,,,,
636,Tools,Candles,,,,,,,,
637,Screwdrivers,Plastic Utensils,Sponges,,,,,,,
638,Batteries,Cold Remedies,Peanut Butter,Tofu,Cottage Cheese,Pancakes,Tuna,Sports Magazines,Aspirin,Clams
639,Fresh Fish,Dried Fruit,,,,,,,,
640,Sugar,Soup,Eggs,Dips,Rice,Conditioner,Pizza,,,
641,Juice,Fresh Chicken,Fresh Vegetables,Frozen Chicken,Non-Alcoholic Wine,,,,,
642,TV Dinner,Pasta,Chocolate Candy,,,,,,,
643,Pot Scrubbers,Computer Magazines,Lightbulbs,Home Magazines,,,,,,
644,Deodorizers,Hamburger,,,,,,,,
645,Soup,Sugar,Sour Cream,,,,,,,
646,Chocolate Candy,Canned Vegetables,,,,,,,,
647,Dips,,,,,,,,,
648,Donuts,Soda,Toothbrushes,Muffins,Flavored Drinks,Pot Cleaners,Dried Meat,Chocolate,Fresh Chicken,Shampoo
649,Hard Candy,Dehydrated Soup,Aspirin,Rice,Tofu,Clams,Hot Dogs,Fresh Fruit,,
650,Wine,Toilet Brushes,,,,,,,,
651,Beer,Dried Fruit,Frozen Vegetables,Shampoo,Pizza,Gum,Fresh Fruit,,,
652,Tuna,,,,,,,,,
653,Soda,Personal Hygiene,Tuna,Preserves,,,,,,
654,Yogurt,TV Dinner,,,,,,,,
655,Spices,Batteries,Auto Magazines,Anchovies,Cottage Cheese,Home Magazines,Soup,,,
656,Canned Fruit,Jelly,Deli Meats,Dips,Fresh Chicken,Fresh Fruit,Plastic Utensils,Maps,,
657,Crackers,Ice Cream,Canned Vegetables,,,,,,,
658,Beer,Cooking Oil,Non-Alcoholic Wine,Tuna,Yogurt,Candles,Fresh Vegetables,Popcorn,,
659,Cheese,Pasta,Tools,Screwdrivers,Rice,,,,,
660,Crackers,Candles,Sliced Bread,Donuts,Sunglasses,,,,,
661,Fresh Fruit,Cooking Oil,Hot Dogs,Maps,Home Magazines,Non-Alcoholic Wine,Dish Soap,Sliced Bread,Personal Hygiene,
662,Cereal,Sliced Bread,Dish Soap,,,,,,,
663,Candles,Personal Hygiene,Toilet Brushes,Acetominifen,Hamburger,Dips,,,,
664,Juice,Peanut Butter,Dish Soap,,,,,,,
665,Oysters,Fresh Vegetables,,,,,,,,
666,Batteries,Pot Scrubbers,,,,,,,,
667,Cereal,Juice,Dishwasher Soap,,,,,,,
668,Gum,Bagels,Dried Meat,Sour Cream,Candles,Dips,Pancakes,Preserves,Dishwasher Soap,
669,Beer,Popcorn,Paper Wipes,Chips,Mouthwash,Plastic Utensils,Pancakes,Preserves,Bologna,Conditioner
670,Hard Candy,Chips,Frozen Chicken,Jelly,Pots and Pans,Ice Cream,,,,
671,Shampoo,Peanut Butter,,,,,,,,
672,Nuts,Jelly,Pot Cleaners,Maps,Juice,Pretzels,Soup,Oysters,,
673,Home Magazines,Anchovies,Deli Salads,,,,,,,
674,Pot Cleaners,Computer Magazines,Dried Meat,Shampoo,Home Magazines,Toothbrushes,Toilet Brushes,TV Dinner,,
675,Dried Meat,,,,,,,,,
676,Nuts,Spices,Eggs,Lightbulbs,Tuna,Anchovies,Crackers,Pancakes,Fresh Chicken,
677,Deli Meats,Dried Fruit,,,,,,,,
678,Donuts,,,,,,,,,
679,Eggs,Cheese,Tofu,Wine,Cottage Cheese,Paper Dishes,Crackers,Coffee,Yogurt,
680,Sardines,Pretzels,Mouthwash,Tuna,Sunglasses,Canned Fruit,Sponges,,,
681,Dried Meat,Cookies,Dried Fruit,Beer,Home Magazines,Eggs,,,,
682,Canned Vegetables,Wine,Toilet Brushes,Waffles,Pizza,Shrimp,Batteries,Deodorizers,,
683,Pancake Mix,Cleaners,Acetominifen,,,,,,,
684,Conditioner,Home Magazines,Dried Fruit,Fresh Vegetables,Tools,,,,,
685,Cooking Oil,Yogurt,Batteries,TV Dinner,Fresh Vegetables,Waffles,Conditioner,Hamburger,Cottage Cheese,
686,Cereal,Pretzels,,,,,,,,
687,Paper Dishes,Nasal Sprays,Sour Cream,Dips,Waffles,Nuts,Sponges,Fresh Fish,,
688,Conditioner,,,,,,,,,
689,Pasta,Shampoo,Dips,Nasal Sprays,Personal Hygiene,Oysters,,,,
690,TV Dinner,Hot Dogs,,,,,,,,
691,Juice,Wine,Dish Soap,Sunglasses,,,,,,
692,Lightbulbs,Tofu,Rice,Clams,Cottage Cheese,Jam,,,,
693,Fresh Fish,Cookies,Sunglasses,Cereal,Shower Soap,Cooking Oil,Shampoo,,,
694,Dishwasher Soap,Cottage Cheese,Pancakes,Spices,Soda,Chips,Bologna,Pots and Pans,,
695,Rice,Yogurt,Jelly,Mouthwash,,,,,,
696,Bagels,Beer,Sunglasses,Clams,,,,,,
697,Hot Dogs,Tuna,Personal Hygiene,Rice,Sugar,French Fries,Sauces,Donuts,,
698,Fresh Chicken,Batteries,Sour Cream,Frozen Chicken,,,,,,
699,Screwdrivers,Deodorizers,Acetominifen,Plastic Utensils,Oysters,Batteries,Jelly,,,
700,Bologna,Dried Fruit,Donuts,Jam,Paper Wipes,Cookies,Sauces,Paper Dishes,Sugar,
